-- phpMyAdmin SQL Dump
-- version 5.2.0
-- https://www.phpmyadmin.net/
--
-- Host: 127.0.0.1
-- Creato il: Ago 02, 2023 alle 11:52
-- Versione del server: 10.4.27-MariaDB
-- Versione PHP: 8.1.12

SET SQL_MODE = "NO_AUTO_VALUE_ON_ZERO";
START TRANSACTION;
SET time_zone = "+00:00";


/*!40101 SET @OLD_CHARACTER_SET_CLIENT=@@CHARACTER_SET_CLIENT */;
/*!40101 SET @OLD_CHARACTER_SET_RESULTS=@@CHARACTER_SET_RESULTS */;
/*!40101 SET @OLD_COLLATION_CONNECTION=@@COLLATION_CONNECTION */;
/*!40101 SET NAMES utf8mb4 */;

--
-- Database: `data_visualizzation`
--

-- --------------------------------------------------------

--
-- Struttura della tabella `registrazione`
--

CREATE TABLE `registrazione` (
  `Momento` time(3) NOT NULL,
  `Coordinata_X` float NOT NULL,
  `Coordinata_Y` float NOT NULL,
  `IndexUtenteAnonimo` varchar(16) NOT NULL,
  `ID_Visualizzation` int(11) NOT NULL
) ENGINE=InnoDB DEFAULT CHARSET=utf8mb4 COLLATE=utf8mb4_general_ci;

--
-- Dump dei dati per la tabella `registrazione`
--

INSERT INTO `registrazione` (`Momento`, `Coordinata_X`, `Coordinata_Y`, `IndexUtenteAnonimo`, `ID_Visualizzation`) VALUES
('10:49:17.643', 24.3989, 51.5398, 'db607d0e-007f', 39),
('10:49:17.742', 24.3855, 51.5417, 'db607d0e-007f', 39),
('10:49:17.792', 24.3282, 51.6734, 'db607d0e-007f', 39),
('10:49:17.856', 24.0434, 52.2589, 'db607d0e-007f', 39),
('10:49:17.904', 23.3611, 52.7203, 'db607d0e-007f', 39),
('10:49:17.953', 22.5423, 53.3964, 'db607d0e-007f', 39),
('10:49:18.002', 22.3005, 55.5343, 'db607d0e-007f', 39),
('10:49:18.044', 22.1822, 57.9498, 'db607d0e-007f', 39),
('10:49:18.093', 22.727, 61.7381, 'db607d0e-007f', 39),
('10:49:18.142', 23.3331, 65.2029, 'db607d0e-007f', 39),
('10:49:18.190', 23.9217, 68.123, 'db607d0e-007f', 39),
('10:49:18.236', 24.9712, 69.3008, 'db607d0e-007f', 39),
('10:49:18.318', 30.1332, 53.8307, 'db607d0e-007f', 39),
('10:49:18.375', 34.1831, 43.0997, 'db607d0e-007f', 39),
('10:49:18.424', 37.5344, 34.0135, 'db607d0e-007f', 39),
('10:49:18.473', 40.235, 26.5086, 'db607d0e-007f', 39),
('10:49:18.525', 40.4441, 21.7449, 'db607d0e-007f', 39),
('10:49:18.572', 39.4931, 21.7396, 'db607d0e-007f', 39),
('10:49:18.621', 39.0296, 19.6184, 'db607d0e-007f', 39),
('10:49:18.669', 37.3227, 21.2811, 'db607d0e-007f', 39),
('10:49:18.711', 37.4356, 19.1105, 'db607d0e-007f', 39),
('10:49:18.751', 38.5695, 18.2141, 'db607d0e-007f', 39),
('10:49:18.797', 38.6612, 15.6635, 'db607d0e-007f', 39),
('10:49:18.839', 39.0942, 12.0738, 'db607d0e-007f', 39),
('10:49:18.882', 39.678, 10.8735, 'db607d0e-007f', 39),
('10:49:18.932', 39.2713, 10.2208, 'db607d0e-007f', 39),
('10:49:18.967', 39.4772, 14.5549, 'db607d0e-007f', 39),
('10:49:19.005', 38.1639, 16.2746, 'db607d0e-007f', 39),
('10:49:19.045', 39.4387, 20.7008, 'db607d0e-007f', 39),
('10:49:19.085', 39.1024, 21.4741, 'db607d0e-007f', 39),
('10:49:19.127', 38.7728, 24.4987, 'db607d0e-007f', 39),
('10:49:19.166', 37.9729, 20.4555, 'db607d0e-007f', 39),
('10:49:19.214', 39.7884, 23.5347, 'db607d0e-007f', 39),
('10:49:19.249', 39.9753, 27.3654, 'db607d0e-007f', 39),
('10:49:19.294', 40.78, 27.0795, 'db607d0e-007f', 39),
('10:49:19.354', 42.8344, 27.1653, 'db607d0e-007f', 39),
('10:49:19.396', 41.9248, 36.6209, 'db607d0e-007f', 39),
('10:49:19.439', 40.5619, 45.3289, 'db607d0e-007f', 39),
('10:49:19.474', 38.4774, 54.2113, 'db607d0e-007f', 39),
('10:49:19.515', 37.5176, 61.3957, 'db607d0e-007f', 39),
('10:49:19.553', 36.9022, 65.9233, 'db607d0e-007f', 39),
('10:49:19.598', 35.7436, 69.1576, 'db607d0e-007f', 39),
('10:49:19.641', 35.4377, 72.7132, 'db607d0e-007f', 39),
('10:49:19.675', 35.4208, 74.8294, 'db607d0e-007f', 39),
('10:49:19.720', 35.721, 76.1048, 'db607d0e-007f', 39),
('10:49:19.757', 34.2872, 78.8031, 'db607d0e-007f', 39),
('10:49:19.798', 35.085, 77.2166, 'db607d0e-007f', 39),
('10:49:19.833', 34.2935, 79.2702, 'db607d0e-007f', 39),
('10:49:19.877', 32.3043, 77.7883, 'db607d0e-007f', 39),
('10:49:19.918', 31.389, 81.508, 'db607d0e-007f', 39),
('10:49:19.957', 30.6782, 84.4576, 'db607d0e-007f', 39),
('10:49:19.998', 30.1466, 86.7219, 'db607d0e-007f', 39),
('10:49:20.033', 28.4959, 88.9473, 'db607d0e-007f', 39),
('10:49:20.067', 27.8129, 91.3258, 'db607d0e-007f', 39),
('10:49:20.107', 27.1213, 92.5051, 'db607d0e-007f', 39),
('10:49:20.146', 28.192, 89.1675, 'db607d0e-007f', 39),
('10:49:20.182', 27.4659, 85.8143, 'db607d0e-007f', 39),
('10:49:20.220', 26.903, 82.8187, 'db607d0e-007f', 39),
('10:49:20.257', 26.4828, 80.206, 'db607d0e-007f', 39),
('10:49:20.301', 30.3638, 73.277, 'db607d0e-007f', 39),
('10:49:20.338', 32.1483, 65.9104, 'db607d0e-007f', 39),
('10:49:20.398', 32.438, 57.7882, 'db607d0e-007f', 39),
('10:49:20.453', 34.1989, 57.231, 'db607d0e-007f', 39),
('10:49:20.488', 35.7652, 55.2222, 'db607d0e-007f', 39),
('10:49:20.520', 36.6811, 55.3075, 'db607d0e-007f', 39),
('10:49:20.557', 37.4644, 52.3962, 'db607d0e-007f', 39),
('10:49:20.592', 38.4437, 54.4399, 'db607d0e-007f', 39),
('10:49:20.633', 38.3295, 54.7365, 'db607d0e-007f', 39),
('10:49:20.675', 38.1927, 56.32, 'db607d0e-007f', 39),
('10:49:20.710', 38.6013, 59.1188, 'db607d0e-007f', 39),
('10:49:20.750', 38.5013, 59.8998, 'db607d0e-007f', 39),
('10:49:20.786', 37.1106, 56.3038, 'db607d0e-007f', 39),
('10:49:20.828', 35.2818, 52.8039, 'db607d0e-007f', 39),
('10:49:20.870', 33.9098, 50.9284, 'db607d0e-007f', 39),
('10:49:20.918', 33.5336, 48.5011, 'db607d0e-007f', 39),
('10:49:20.957', 32.6397, 46.1123, 'db607d0e-007f', 39),
('10:49:21.002', 31.8306, 43.0958, 'db607d0e-007f', 39),
('10:49:21.043', 31.6517, 41.4183, 'db607d0e-007f', 39),
('10:49:21.082', 31.2791, 39.5114, 'db607d0e-007f', 39),
('10:49:21.120', 31.1234, 40.4086, 'db607d0e-007f', 39),
('10:49:21.160', 29.5791, 40.5671, 'db607d0e-007f', 39),
('10:49:21.193', 30.7921, 42.0321, 'db607d0e-007f', 39),
('10:49:21.227', 31.1498, 42.5708, 'db607d0e-007f', 39),
('10:49:21.266', 44.7227, 33.6463, 'db607d0e-007f', 39),
('10:49:21.301', 57.9164, 23.6473, 'db607d0e-007f', 39),
('10:49:21.346', 67.9851, 16.8675, 'db607d0e-007f', 39),
('10:49:21.398', 77.9128, 9.52843, 'db607d0e-007f', 39),
('10:49:21.436', 85.8399, 3.69511, 'db607d0e-007f', 39),
('10:49:21.796', 86.3622, 0.194897, 'db607d0e-007f', 40),
('10:49:21.832', 82.3772, 1.59059, 'db607d0e-007f', 40),
('10:49:21.867', 81.8593, 1.27531, 'db607d0e-007f', 40),
('10:49:21.904', 83.0011, 4.35847, 'db607d0e-007f', 40),
('10:49:21.939', 84.4356, 4.76104, 'db607d0e-007f', 40),
('10:49:21.970', 85.7223, 5.08505, 'db607d0e-007f', 40),
('10:49:22.009', 83.119, 11.7112, 'db607d0e-007f', 40),
('10:49:22.038', 80.9121, 17.3196, 'db607d0e-007f', 40),
('10:49:22.057', 80.6197, 21.1498, 'db607d0e-007f', 40),
('10:49:22.111', 78.5542, 25.2809, 'db607d0e-007f', 40),
('10:49:22.123', 75.2861, 29.1084, 'db607d0e-007f', 40),
('10:49:22.177', 74.1884, 31.5307, 'db607d0e-007f', 40),
('10:49:22.189', 73.3923, 33.2921, 'db607d0e-007f', 40),
('10:49:22.240', 71.4032, 34.7741, 'db607d0e-007f', 40),
('10:49:22.251', 68.7299, 36.1881, 'db607d0e-007f', 40),
('10:49:22.303', 65.8012, 37.1901, 'db607d0e-007f', 40),
('10:49:22.316', 65.3861, 37.3007, 'db607d0e-007f', 40),
('10:49:22.366', 65.2236, 37.1689, 'db607d0e-007f', 40),
('10:49:22.395', 50.7955, 54.9615, 'db607d0e-007f', 40),
('10:49:22.409', 50.0161, 59.1584, 'db607d0e-007f', 40),
('10:49:22.460', 49.8464, 57.8016, 'db607d0e-007f', 40),
('10:49:22.487', 51.8488, 54.2559, 'db607d0e-007f', 40),
('10:49:22.503', 52.7822, 53.2089, 'db607d0e-007f', 40),
('10:49:22.557', 52.5185, 48.1192, 'db607d0e-007f', 40),
('10:49:22.574', 49.7561, 47.2885, 'db607d0e-007f', 40),
('10:49:22.622', 47.6947, 47.2225, 'db607d0e-007f', 40),
('10:49:22.639', 48.2887, 44.3046, 'db607d0e-007f', 40),
('10:49:22.684', 48.9669, 41.7859, 'db607d0e-007f', 40),
('10:49:22.701', 49.2812, 39.8472, 'db607d0e-007f', 40),
('10:49:22.745', 48.7177, 37.6993, 'db607d0e-007f', 40),
('10:49:22.760', 48.659, 35.769, 'db607d0e-007f', 40),
('10:49:22.802', 48.6896, 34.2333, 'db607d0e-007f', 40),
('10:49:22.817', 46.3398, 34.5348, 'db607d0e-007f', 40),
('10:49:22.866', 43.964, 39.0661, 'db607d0e-007f', 40),
('10:49:22.882', 45.09, 39.6507, 'db607d0e-007f', 40),
('10:49:22.926', 46.1631, 40.1598, 'db607d0e-007f', 40),
('10:49:22.958', 46.5309, 41.9783, 'db607d0e-007f', 40),
('10:49:22.989', 46.2814, 45.9505, 'db607d0e-007f', 40),
('10:49:23.019', 46.7286, 53.5016, 'db607d0e-007f', 40),
('10:49:23.051', 47.143, 60.9455, 'db607d0e-007f', 40),
('10:49:23.084', 45.209, 69.8003, 'db607d0e-007f', 40),
('10:49:23.114', 46.0089, 78.7552, 'db607d0e-007f', 40),
('10:49:23.147', 46.0699, 86.4135, 'db607d0e-007f', 40),
('10:49:23.179', 43.3124, 87.6242, 'db607d0e-007f', 40),
('10:49:23.201', 41.0112, 88.7146, 'db607d0e-007f', 40),
('10:49:23.229', 39.6283, 88.0363, 'db607d0e-007f', 40),
('10:49:23.245', 38.6816, 86.6301, 'db607d0e-007f', 40),
('10:49:23.278', 37.7034, 85.2795, 'db607d0e-007f', 40),
('10:49:23.288', 36.6866, 84.3497, 'db607d0e-007f', 40),
('10:49:23.322', 36.0999, 82.5055, 'db607d0e-007f', 40),
('10:49:23.332', 35.7058, 80.9519, 'db607d0e-007f', 40),
('10:49:23.367', 35.9808, 79.4269, 'db607d0e-007f', 40),
('10:49:23.389', 36.8289, 79.2145, 'db607d0e-007f', 40),
('10:49:23.429', 37.3849, 78.9053, 'db607d0e-007f', 40),
('10:49:23.466', 37.9043, 79.3753, 'db607d0e-007f', 40),
('10:49:23.495', 38.3637, 85.8869, 'db607d0e-007f', 40),
('10:49:23.521', 38.7711, 93.0129, 'db607d0e-007f', 40),
('10:49:23.549', 39.099, 98.8377, 'db607d0e-007f', 40),
('10:49:26.027', 71.4583, 97.5744, 'db607d0e-007f', 40),
('10:49:26.049', 67.3834, 91.5029, 'db607d0e-007f', 40),
('10:49:26.080', 65.7794, 84.5026, 'db607d0e-007f', 40),
('10:49:26.105', 67.9762, 83.8917, 'db607d0e-007f', 40),
('10:49:26.138', 68.4676, 82.4204, 'db607d0e-007f', 40),
('10:49:26.190', 65.9013, 85.9275, 'db607d0e-007f', 40),
('10:49:26.227', 67.4491, 91.494, 'db607d0e-007f', 40),
('10:49:26.238', 68.0603, 97.0815, 'db607d0e-007f', 40),
('10:49:26.280', 69.6669, 96.9448, 'db607d0e-007f', 40),
('10:49:26.290', 71.1017, 99.8601, 'db607d0e-007f', 40),
('10:49:26.327', 72.8554, 98.085, 'db607d0e-007f', 40),
('10:49:26.363', 74.3305, 96.107, 'db607d0e-007f', 40),
('10:49:26.375', 75.1174, 95.8147, 'db607d0e-007f', 40),
('10:49:26.396', 76.4359, 91.2893, 'db607d0e-007f', 40),
('10:49:26.425', 75.832, 90.4546, 'db607d0e-007f', 40),
('10:49:26.448', 74.1306, 85.8282, 'db607d0e-007f', 40),
('10:49:26.471', 71.8424, 82.1777, 'db607d0e-007f', 40),
('10:49:26.494', 71.5504, 80.244, 'db607d0e-007f', 40),
('10:49:26.516', 71.5622, 77.986, 'db607d0e-007f', 40),
('10:49:26.540', 73.1061, 78.6449, 'db607d0e-007f', 40),
('10:49:26.561', 74.439, 79.8943, 'db607d0e-007f', 40),
('10:49:26.586', 75.6133, 80.7705, 'db607d0e-007f', 40),
('10:49:26.597', 76.5816, 81.4159, 'db607d0e-007f', 40),
('10:49:26.627', 77.3594, 81.8653, 'db607d0e-007f', 40),
('10:49:26.641', 77.9532, 81.9975, 'db607d0e-007f', 40),
('10:49:26.674', 78.3983, 82.0215, 'db607d0e-007f', 40),
('10:49:26.686', 78.716, 81.9648, 'db607d0e-007f', 40),
('10:49:26.718', 77.7668, 81.9125, 'db607d0e-007f', 40),
('10:49:26.729', 77.2787, 80.421, 'db607d0e-007f', 40),
('10:49:26.769', 77.0448, 79.0145, 'db607d0e-007f', 40),
('10:49:26.790', 75.3185, 77.4031, 'db607d0e-007f', 40),
('10:49:26.811', 74.8251, 75.365, 'db607d0e-007f', 40),
('10:49:26.839', 68.799, 73.2061, 'db607d0e-007f', 40),
('10:49:26.860', 67.8182, 71.4374, 'db607d0e-007f', 40),
('10:49:26.884', 66.6585, 70.5838, 'db607d0e-007f', 40),
('10:49:26.907', 68.1642, 71.421, 'db607d0e-007f', 40),
('10:49:26.928', 69.5665, 72.2394, 'db607d0e-007f', 40),
('10:49:26.956', 71.8848, 68.7114, 'db607d0e-007f', 40),
('10:49:26.979', 73.8984, 65.7634, 'db607d0e-007f', 40),
('10:49:27.006', 76.0313, 60.7927, 'db607d0e-007f', 40),
('10:49:27.031', 77.8079, 56.7045, 'db607d0e-007f', 40),
('10:49:27.058', 74.3482, 63.4226, 'db607d0e-007f', 40),
('10:49:27.080', 65.7064, 69.2802, 'db607d0e-007f', 40),
('10:49:27.101', 61.4638, 75.6484, 'db607d0e-007f', 40),
('10:49:27.124', 66.2989, 64.7967, 'db607d0e-007f', 40),
('10:49:27.148', 69.6584, 55.3517, 'db607d0e-007f', 40),
('10:49:27.177', 71.6537, 46.3773, 'db607d0e-007f', 40),
('10:49:27.200', 73.4441, 42.6849, 'db607d0e-007f', 40),
('10:49:27.229', 78.2064, 31.0711, 'db607d0e-007f', 40),
('10:49:27.254', 77.1359, 33.9879, 'db607d0e-007f', 40),
('10:49:27.281', 78.1702, 27.7131, 'db607d0e-007f', 40),
('10:49:27.303', 82.5406, 13.4386, 'db607d0e-007f', 40),
('10:49:27.327', 86.1625, 1.72559, 'db607d0e-007f', 40),
('10:49:27.417', 85.0987, 0.786346, 'db607d0e-007f', 40),
('10:49:27.438', 83.0259, 7.11432, 'db607d0e-007f', 40),
('10:49:27.464', 84.6423, 7.79657, 'db607d0e-007f', 40),
('10:49:27.483', 85.9967, 8.5628, 'db607d0e-007f', 40),
('10:49:27.512', 88.6757, 7.69007, 'db607d0e-007f', 40),
('10:49:27.536', 89.0339, 2.01681, 'db607d0e-007f', 40),
('10:49:27.575', 87.408, 2.93393, 'db607d0e-007f', 40),
('10:49:27.585', 89.2686, 2.41734, 'db607d0e-007f', 40),
('10:49:27.606', 90.8031, 2.12285, 'db607d0e-007f', 40),
('10:49:27.630', 91.6119, 1.29246, 'db607d0e-007f', 40),
('10:49:27.653', 92.8116, 0.239086, 'db607d0e-007f', 40),
('10:49:27.718', 83.6285, 1.20091, 'db607d0e-007f', 40),
('10:49:27.874', 77.74, 5.60998, 'db607d0e-007f', 40),
('10:49:27.897', 79.0598, 3.58983, 'db607d0e-007f', 40),
('10:49:28.078', 85.4002, 0.274891, 'db607d0e-007f', 40),
('10:49:28.088', 85.0612, 0.112574, 'db607d0e-007f', 40),
('10:49:28.121', 83.4636, 2.49514, 'db607d0e-007f', 40),
('10:49:28.134', 82.5571, 2.87445, 'db607d0e-007f', 40),
('10:49:28.167', 83.0592, 2.66083, 'db607d0e-007f', 40),
('10:49:28.178', 86.7752, 0.277074, 'db607d0e-007f', 40),
('10:49:28.369', 87.9736, 2.13986, 'db607d0e-007f', 40),
('10:49:28.379', 87.122, 2.26587, 'db607d0e-007f', 40),
('10:49:28.410', 85.4915, 3.93685, 'db607d0e-007f', 40),
('10:49:28.420', 85.1262, 3.65122, 'db607d0e-007f', 40),
('10:49:28.453', 79.3306, 7.68584, 'db607d0e-007f', 40),
('10:49:28.464', 81.5252, 6.6555, 'db607d0e-007f', 40),
('10:49:28.506', 74.756, 12.9556, 'db607d0e-007f', 40),
('10:49:28.516', 75.6248, 15.2833, 'db607d0e-007f', 40),
('10:49:28.551', 75.364, 18.4413, 'db607d0e-007f', 40),
('10:49:28.565', 78.8887, 15.3324, 'db607d0e-007f', 40),
('10:49:28.600', 81.1839, 15.2251, 'db607d0e-007f', 40),
('10:49:28.617', 82.5035, 12.9906, 'db607d0e-007f', 40),
('10:49:28.649', 85.2046, 9.49572, 'db607d0e-007f', 40),
('10:49:28.672', 87.4848, 6.46892, 'db607d0e-007f', 40),
('10:49:28.700', 89.3264, 3.84579, 'db607d0e-007f', 40),
('10:49:28.711', 90.803, 1.67714, 'db607d0e-007f', 40),
('10:49:28.743', 93.6358, 1.90993, 'db607d0e-007f', 40),
('10:49:28.784', 93.9573, 0.462878, 'db607d0e-007f', 39),
('10:49:28.939', 91.2566, 6.96793, 'db607d0e-007f', 39),
('10:49:28.974', 84.674, 17.1218, 'db607d0e-007f', 39),
('10:49:28.977', 76.444, 24.9736, 'db607d0e-007f', 39),
('10:49:29.008', 69.4914, 32.1656, 'db607d0e-007f', 39),
('10:49:29.048', 63.8316, 37.9291, 'db607d0e-007f', 39),
('10:49:29.051', 59.9118, 41.9455, 'db607d0e-007f', 39),
('10:49:29.087', 56.3944, 45.3707, 'db607d0e-007f', 39),
('10:49:29.118', 54.8501, 46.8091, 'db607d0e-007f', 39),
('10:49:29.121', 51.8904, 48.8583, 'db607d0e-007f', 39),
('10:49:29.159', 42.0441, 58.987, 'db607d0e-007f', 39),
('10:49:29.189', 39.9378, 65.2126, 'db607d0e-007f', 39),
('10:49:29.191', 43.3771, 65.0974, 'db607d0e-007f', 39),
('10:49:29.230', 40.4803, 67.2949, 'db607d0e-007f', 39),
('10:49:29.264', 38.0996, 71.9411, 'db607d0e-007f', 39),
('10:49:29.266', 36.4098, 73.5627, 'db607d0e-007f', 39),
('10:49:29.311', 38.2449, 72.5347, 'db607d0e-007f', 39),
('10:49:29.361', 35.1126, 75.0458, 'db607d0e-007f', 39),
('10:49:29.363', 31.5008, 79.5589, 'db607d0e-007f', 39),
('10:49:29.402', 32.2429, 78.8489, 'db607d0e-007f', 39),
('10:49:29.462', 34.1299, 76.7009, 'db607d0e-007f', 39),
('10:49:29.465', 35.9029, 76.4256, 'db607d0e-007f', 39),
('10:49:29.498', 37.516, 75.0049, 'db607d0e-007f', 39),
('10:49:29.528', 39.328, 73.3255, 'db607d0e-007f', 39),
('10:49:29.531', 41.2431, 71.1656, 'db607d0e-007f', 39),
('10:49:29.566', 37.9555, 71.3342, 'db607d0e-007f', 39),
('10:49:29.598', 38.6316, 70.4665, 'db607d0e-007f', 39),
('10:49:29.600', 39.2182, 68.749, 'db607d0e-007f', 39),
('10:49:29.633', 38.7013, 67.9976, 'db607d0e-007f', 39),
('10:49:29.662', 38.4059, 67.5092, 'db607d0e-007f', 39),
('10:49:29.665', 38.6061, 67.7171, 'db607d0e-007f', 39),
('10:49:29.675', 38.9433, 68.7363, 'db607d0e-007f', 39),
('10:49:29.718', 39.179, 68.4251, 'db607d0e-007f', 39),
('10:49:29.735', 39.5579, 67.7966, 'db607d0e-007f', 39),
('10:49:29.737', 39.7046, 67.645, 'db607d0e-007f', 39),
('10:49:29.780', 39.9971, 67.1652, 'db607d0e-007f', 39),
('10:49:29.795', 39.9753, 67.5506, 'db607d0e-007f', 39),
('10:49:29.798', 40.0321, 67.501, 'db607d0e-007f', 39),
('10:49:29.843', 34.8309, 72.2377, 'db607d0e-007f', 39),
('10:49:29.861', 34.1801, 71.8845, 'db607d0e-007f', 39),
('10:49:29.863', 32.8338, 72.9384, 'db607d0e-007f', 39),
('10:49:29.906', 31.8806, 73.1321, 'db607d0e-007f', 39),
('10:49:29.924', 31.0479, 73.8841, 'db607d0e-007f', 39),
('10:49:29.927', 32.3536, 74.1577, 'db607d0e-007f', 39),
('10:49:29.968', 31.9092, 73.8348, 'db607d0e-007f', 39),
('10:49:29.985', 31.8998, 74.5254, 'db607d0e-007f', 39),
('10:49:29.988', 31.5229, 74.7301, 'db607d0e-007f', 39),
('10:49:30.028', 31.2497, 74.8568, 'db607d0e-007f', 39),
('10:49:30.045', 31.0638, 74.9208, 'db607d0e-007f', 39),
('10:49:30.047', 31.7732, 75.5239, 'db607d0e-007f', 39),
('10:49:30.090', 31.0444, 75.5073, 'db607d0e-007f', 39),
('10:49:30.119', 29.0001, 76.0726, 'db607d0e-007f', 39),
('10:49:30.122', 27.2935, 76.52, 'db607d0e-007f', 39),
('10:49:30.148', 25.904, 76.8627, 'db607d0e-007f', 39),
('10:49:30.166', 24.4169, 76.8052, 'db607d0e-007f', 39),
('10:49:30.168', 24.0931, 75.4485, 'db607d0e-007f', 39),
('10:49:30.207', 21.6632, 74.1081, 'db607d0e-007f', 39),
('10:49:30.224', 20.1773, 72.7166, 'db607d0e-007f', 39),
('10:49:30.226', 21.8537, 71.367, 'db607d0e-007f', 39),
('10:49:30.265', 22.8695, 69.6406, 'db607d0e-007f', 39),
('10:49:30.296', 23.8125, 68.2294, 'db607d0e-007f', 39),
('10:49:30.298', 25.6623, 66.8903, 'db607d0e-007f', 39),
('10:49:30.309', 26.2635, 66.0578, 'db607d0e-007f', 39),
('10:49:30.351', 28.6746, 65.3559, 'db607d0e-007f', 39),
('10:49:30.367', 30.295, 63.1552, 'db607d0e-007f', 39),
('10:49:30.369', 32.4151, 62.5239, 'db607d0e-007f', 39),
('10:49:30.409', 34.1552, 60.62, 'db607d0e-007f', 39),
('10:49:30.425', 35.5226, 60.5969, 'db607d0e-007f', 39),
('10:49:30.429', 35.8852, 59.6825, 'db607d0e-007f', 39),
('10:49:30.469', 36.7599, 60.0334, 'db607d0e-007f', 39),
('10:49:30.490', 37.5205, 59.046, 'db607d0e-007f', 39),
('10:49:30.497', 38.061, 58.2912, 'db607d0e-007f', 39),
('10:49:30.540', 33.8017, 67.6378, 'db607d0e-007f', 39),
('10:49:30.558', 30.0844, 75.6708, 'db607d0e-007f', 39),
('10:49:30.561', 26.054, 78.9508, 'db607d0e-007f', 39),
('10:49:30.604', 23.5057, 77.2935, 'db607d0e-007f', 39),
('10:49:30.621', 21.8035, 78.2832, 'db607d0e-007f', 39),
('10:49:30.625', 20.4968, 78.9564, 'db607d0e-007f', 39),
('10:49:30.664', 19.5464, 83.1434, 'db607d0e-007f', 39),
('10:49:30.682', 18.3996, 87.4532, 'db607d0e-007f', 39),
('10:49:30.685', 17.5662, 90.9215, 'db607d0e-007f', 39),
('10:49:30.728', 16.8973, 93.7857, 'db607d0e-007f', 39),
('10:49:30.744', 17.0474, 94.9073, 'db607d0e-007f', 39),
('10:49:30.746', 17.2986, 95.5905, 'db607d0e-007f', 39),
('10:49:30.785', 18.9245, 94.5618, 'db607d0e-007f', 39),
('10:49:30.802', 19.9027, 94.2694, 'db607d0e-007f', 39),
('10:49:30.804', 21.0638, 93.9425, 'db607d0e-007f', 39),
('10:49:30.848', 19.6627, 93.4005, 'db607d0e-007f', 39),
('10:49:30.865', 18.4686, 92.8262, 'db607d0e-007f', 39),
('10:49:30.868', 18.4603, 91.4775, 'db607d0e-007f', 39),
('10:49:30.907', 18.8281, 93.9482, 'db607d0e-007f', 39),
('10:49:30.925', 17.1399, 95.6765, 'db607d0e-007f', 39),
('10:49:30.928', 17.3355, 90.5802, 'db607d0e-007f', 39),
('10:49:30.964', 18.1972, 85.5108, 'db607d0e-007f', 39),
('10:49:30.980', 19.6646, 81.4918, 'db607d0e-007f', 39),
('10:49:30.983', 22.1258, 78.4188, 'db607d0e-007f', 39),
('10:49:31.021', 16.9964, 81.5248, 'db607d0e-007f', 39),
('10:49:31.036', 16.9512, 82.4258, 'db607d0e-007f', 39),
('10:49:31.038', 17.0063, 83.755, 'db607d0e-007f', 39),
('10:49:31.075', 16.9286, 85.0466, 'db607d0e-007f', 39),
('10:49:31.092', 17.6171, 85.5309, 'db607d0e-007f', 39),
('10:49:31.094', 17.5066, 86.601, 'db607d0e-007f', 39),
('10:49:31.133', 18.1978, 85.5298, 'db607d0e-007f', 39),
('10:49:31.150', 18.5603, 88.7768, 'db607d0e-007f', 39),
('10:49:31.152', 18.2307, 89.0643, 'db607d0e-007f', 39),
('10:49:31.196', 18.3796, 91.1736, 'db607d0e-007f', 39),
('10:49:31.212', 20.5388, 90.9367, 'db607d0e-007f', 39),
('10:49:31.215', 20.7244, 90.3479, 'db607d0e-007f', 39),
('10:49:31.256', 20.8429, 89.785, 'db607d0e-007f', 39),
('10:49:31.272', 20.9072, 89.2637, 'db607d0e-007f', 39),
('10:49:31.274', 21.2532, 90.4334, 'db607d0e-007f', 39),
('10:49:31.314', 20.171, 93.8268, 'db607d0e-007f', 39),
('10:49:31.329', 17.5739, 94.5142, 'db607d0e-007f', 39),
('10:49:31.344', 18.153, 97.5821, 'db607d0e-007f', 39),
('10:49:31.377', 15.851, 99.3024, 'db607d0e-007f', 39),
('10:49:31.395', 16.7811, 94.5296, 'db607d0e-007f', 39),
('10:49:31.435', 19.0662, 97.3095, 'db607d0e-007f', 39),
('10:49:31.454', 18.7118, 99.3047, 'db607d0e-007f', 39),
('10:49:31.488', 17.6468, 98.6971, 'db607d0e-007f', 39),
('10:49:31.587', 27.7779, 99.0153, 'db607d0e-007f', 39),
('10:49:31.602', 33.2599, 89.3352, 'db607d0e-007f', 39),
('10:49:31.604', 37.6168, 81.3952, 'db607d0e-007f', 39),
('10:49:31.641', 39.7003, 74.3235, 'db607d0e-007f', 39),
('10:49:31.660', 42.93, 69.119, 'db607d0e-007f', 39),
('10:49:31.664', 47.8622, 63.5061, 'db607d0e-007f', 39),
('10:49:31.704', 51.5563, 58.8483, 'db607d0e-007f', 39),
('10:49:31.721', 54.3806, 55.3166, 'db607d0e-007f', 39),
('10:49:31.724', 55.4527, 53.5296, 'db607d0e-007f', 39),
('10:49:31.766', 52.8671, 58.2304, 'db607d0e-007f', 39),
('10:49:31.785', 51.6447, 59.4699, 'db607d0e-007f', 39),
('10:49:31.787', 50.3975, 60.7827, 'db607d0e-007f', 39),
('10:49:31.826', 49.1813, 62.0976, 'db607d0e-007f', 39),
('10:49:31.844', 48.0363, 63.3618, 'db607d0e-007f', 39),
('10:49:31.846', 46.9893, 64.5386, 'db607d0e-007f', 39),
('10:49:31.882', 45.8564, 65.666, 'db607d0e-007f', 39),
('10:49:31.899', 45.074, 66.5979, 'db607d0e-007f', 39),
('10:49:31.902', 44.4121, 67.4011, 'db607d0e-007f', 39),
('10:49:31.940', 43.8653, 68.0774, 'db607d0e-007f', 39),
('10:49:31.959', 42.9511, 68.7879, 'db607d0e-007f', 39),
('10:49:31.961', 42.6782, 69.2096, 'db607d0e-007f', 39),
('10:49:32.007', 42.4873, 69.5325, 'db607d0e-007f', 39),
('10:49:32.026', 42.3646, 69.7698, 'db607d0e-007f', 39),
('10:49:32.029', 42.0974, 69.9963, 'db607d0e-007f', 39),
('10:49:32.067', 42.1031, 70.0914, 'db607d0e-007f', 39),
('10:49:32.087', 42.1408, 70.1384, 'db607d0e-007f', 39),
('10:49:32.089', 42.2004, 70.1479, 'db607d0e-007f', 39),
('10:49:32.128', 38.6189, 72.7591, 'db607d0e-007f', 39),
('10:49:32.148', 35.68, 74.43, 'db607d0e-007f', 39),
('10:49:32.150', 35.1417, 73.8689, 'db607d0e-007f', 39),
('10:49:32.187', 36.5575, 73.0003, 'db607d0e-007f', 39),
('10:49:32.207', 38.8903, 71.0881, 'db607d0e-007f', 39),
('10:49:32.209', 43.6465, 66.518, 'db607d0e-007f', 39),
('10:49:32.250', 46.2967, 62.9131, 'db607d0e-007f', 39),
('10:49:32.265', 46.8863, 65.1865, 'db607d0e-007f', 39),
('10:49:32.268', 48.8831, 61.9876, 'db607d0e-007f', 39),
('10:49:32.312', 49.8111, 62.9578, 'db607d0e-007f', 39),
('10:49:32.331', 50.4847, 63.896, 'db607d0e-007f', 39),
('10:49:32.334', 51.68, 60.5042, 'db607d0e-007f', 39),
('10:49:32.376', 51.6029, 58.9411, 'db607d0e-007f', 39),
('10:49:32.396', 51.7127, 57.0643, 'db607d0e-007f', 39),
('10:49:32.398', 52.3115, 57.4376, 'db607d0e-007f', 39),
('10:49:32.437', 53.1386, 56.6756, 'db607d0e-007f', 39),
('10:49:32.482', 53.351, 55.449, 'db607d0e-007f', 39),
('10:49:32.485', 53.8623, 55.1861, 'db607d0e-007f', 39),
('10:49:32.523', 53.6507, 55.2222, 'db607d0e-007f', 39),
('10:49:32.540', 55.1973, 55.2536, 'db607d0e-007f', 39),
('10:49:32.542', 56.4561, 55.3591, 'db607d0e-007f', 39),
('10:49:32.587', 57.4526, 55.5149, 'db607d0e-007f', 39),
('10:49:32.604', 58.216, 55.7019, 'db607d0e-007f', 39),
('10:49:32.606', 58.3777, 54.4194, 'db607d0e-007f', 39),
('10:49:32.645', 58.6273, 54.4459, 'db607d0e-007f', 39),
('10:49:32.661', 57.8019, 55.5396, 'db607d0e-007f', 39),
('10:49:32.664', 54.9598, 54.1915, 'db607d0e-007f', 39),
('10:49:32.700', 54.582, 54.8881, 'db607d0e-007f', 39),
('10:49:32.715', 51.676, 56.6625, 'db607d0e-007f', 39),
('10:49:32.717', 51.2164, 56.8917, 'db607d0e-007f', 39),
('10:49:32.755', 51.9853, 56.9497, 'db607d0e-007f', 39),
('10:49:32.776', 49.5428, 57.4173, 'db607d0e-007f', 39),
('10:49:32.778', 49.563, 57.4918, 'db607d0e-007f', 39),
('10:49:32.816', 49.08, 57.1644, 'db607d0e-007f', 39),
('10:49:32.834', 49.218, 56.6826, 'db607d0e-007f', 39),
('10:49:32.837', 49.0843, 57.2226, 'db607d0e-007f', 39),
('10:49:32.881', 48.9701, 59.1667, 'db607d0e-007f', 39),
('10:49:32.903', 49.1667, 60.0676, 'db607d0e-007f', 39),
('10:49:32.905', 45.5184, 61.9685, 'db607d0e-007f', 39),
('10:49:32.953', 45.1418, 63.5347, 'db607d0e-007f', 39),
('10:49:32.979', 45.8696, 62.4713, 'db607d0e-007f', 39),
('10:49:32.981', 46.5686, 61.4778, 'db607d0e-007f', 39),
('10:49:33.028', 50.8741, 57.6981, 'db607d0e-007f', 39),
('10:49:33.051', 48.856, 60.4852, 'db607d0e-007f', 39),
('10:49:33.053', 46.9482, 64.1594, 'db607d0e-007f', 39),
('10:49:33.097', 49.0545, 62.8116, 'db607d0e-007f', 39),
('10:49:33.117', 49.628, 56.1758, 'db607d0e-007f', 39),
('10:49:33.120', 47.9601, 60.0838, 'db607d0e-007f', 39),
('10:49:33.168', 49.2814, 59.9251, 'db607d0e-007f', 39),
('10:49:33.192', 49.0827, 60.934, 'db607d0e-007f', 39),
('10:49:33.195', 48.8775, 61.6079, 'db607d0e-007f', 39),
('10:49:33.239', 44.7298, 63.1555, 'db607d0e-007f', 39),
('10:49:33.261', 44.8698, 65.7149, 'db607d0e-007f', 39),
('10:49:33.264', 42.762, 66.9465, 'db607d0e-007f', 39),
('10:49:33.301', 47.3261, 62.9912, 'db607d0e-007f', 39),
('10:49:33.319', 48.3948, 61.5485, 'db607d0e-007f', 39),
('10:49:33.322', 48.9596, 62.0748, 'db607d0e-007f', 39),
('10:49:33.358', 49.6655, 60.2792, 'db607d0e-007f', 39),
('10:49:33.377', 51.4708, 59.1591, 'db607d0e-007f', 39),
('10:49:33.380', 55.089, 57.0344, 'db607d0e-007f', 39),
('10:49:33.422', 54.0857, 58.7409, 'db607d0e-007f', 39),
('10:49:33.440', 54.2041, 59.4018, 'db607d0e-007f', 39),
('10:49:33.442', 53.6511, 58.6075, 'db607d0e-007f', 39),
('10:49:33.479', 53.3484, 58.0445, 'db607d0e-007f', 39),
('10:49:33.496', 54.002, 57.2864, 'db607d0e-007f', 39),
('10:49:33.499', 55.743, 56.12, 'db607d0e-007f', 39),
('10:49:33.563', 56.7937, 54.4593, 'db607d0e-007f', 39),
('10:49:33.583', 56.985, 55.5165, 'db607d0e-007f', 39),
('10:49:33.585', 58.3343, 55.6244, 'db607d0e-007f', 39),
('10:49:33.646', 59.6277, 54.4629, 'db607d0e-007f', 39),
('10:49:33.662', 58.6777, 54.4718, 'db607d0e-007f', 39),
('10:49:33.665', 62.2103, 46.8894, 'db607d0e-007f', 39),
('10:49:33.716', 60.289, 48.4998, 'db607d0e-007f', 39),
('10:49:33.735', 61.6023, 43.5372, 'db607d0e-007f', 39),
('10:49:33.737', 60.0382, 45.557, 'db607d0e-007f', 39),
('10:49:33.787', 61.4168, 45.443, 'db607d0e-007f', 39),
('10:49:33.805', 58.2362, 49.4244, 'db607d0e-007f', 39),
('10:49:33.807', 59.7949, 48.9513, 'db607d0e-007f', 39),
('10:49:33.871', 61.0282, 45.8462, 'db607d0e-007f', 39),
('10:49:33.887', 62.0569, 43.2312, 'db607d0e-007f', 39),
('10:49:33.889', 63.131, 40.8651, 'db607d0e-007f', 39),
('10:49:33.988', 63.4584, 41.9612, 'db607d0e-007f', 39),
('10:49:34.007', 60.4957, 46.3337, 'db607d0e-007f', 39),
('10:49:34.009', 57.3593, 50.6997, 'db607d0e-007f', 39),
('10:49:34.067', 57.2279, 51.4762, 'db607d0e-007f', 39),
('10:49:34.086', 55.3624, 55.0049, 'db607d0e-007f', 39),
('10:49:34.088', 54.2621, 57.2821, 'db607d0e-007f', 39),
('10:49:34.152', 49.857, 58.9725, 'db607d0e-007f', 39),
('10:49:34.169', 49.4988, 56.8957, 'db607d0e-007f', 39),
('10:49:34.172', 41.3783, 62.0659, 'db607d0e-007f', 39),
('10:49:34.227', 41.252, 61.4509, 'db607d0e-007f', 39),
('10:49:34.247', 40.1177, 60.2991, 'db607d0e-007f', 39),
('10:49:34.250', 40.6365, 59.6545, 'db607d0e-007f', 39),
('10:49:34.298', 44.8308, 53.5094, 'db607d0e-007f', 39),
('10:49:34.314', 45.8607, 52.3035, 'db607d0e-007f', 39),
('10:49:34.317', 45.1536, 57.9472, 'db607d0e-007f', 39),
('10:49:34.368', 43.3044, 62.6203, 'db607d0e-007f', 39),
('10:49:34.386', 42.7488, 63.3319, 'db607d0e-007f', 39),
('10:49:34.389', 40.7976, 64.2848, 'db607d0e-007f', 39),
('10:49:34.437', 40.753, 64.5203, 'db607d0e-007f', 39),
('10:49:34.455', 39.0835, 65.5386, 'db607d0e-007f', 39),
('10:49:34.457', 41.2844, 64.6055, 'db607d0e-007f', 39),
('10:49:34.500', 42.1263, 64.2076, 'db607d0e-007f', 39),
('10:49:34.514', 41.2624, 66.4919, 'db607d0e-007f', 39),
('10:49:34.516', 40.3376, 65.3193, 'db607d0e-007f', 39),
('10:49:34.559', 42.9028, 61.6722, 'db607d0e-007f', 39),
('10:49:34.577', 41.8086, 61.0895, 'db607d0e-007f', 39),
('10:49:34.579', 44.1904, 58.0456, 'db607d0e-007f', 39),
('10:49:34.629', 42.9099, 58.0519, 'db607d0e-007f', 39),
('10:49:34.647', 44.7113, 56.5222, 'db607d0e-007f', 39),
('10:49:34.662', 44.6427, 56.7074, 'db607d0e-007f', 39),
('10:49:34.700', 32.3631, 50.3232, 'db607d0e-007f', 39),
('10:49:34.717', 23.3322, 43.6297, 'db607d0e-007f', 39),
('10:49:34.720', 16.6014, 36.9882, 'db607d0e-007f', 39),
('10:49:34.770', 12.0004, 29.5207, 'db607d0e-007f', 39),
('10:49:34.790', 8.4662, 23.4982, 'db607d0e-007f', 39),
('10:49:34.793', 5.85958, 18.7811, 'db607d0e-007f', 39),
('10:49:34.850', 5.30107, 16.607, 'db607d0e-007f', 39),
('10:49:34.869', 4.38424, 15.2461, 'db607d0e-007f', 39),
('10:49:34.871', 3.93787, 14.5131, 'db607d0e-007f', 39),
('10:49:34.927', 3.68187, 11.9216, 'db607d0e-007f', 39),
('10:49:34.948', 3.72477, 10.0559, 'db607d0e-007f', 39),
('10:49:34.950', 3.98664, 8.8, 'db607d0e-007f', 39),
('10:49:35.005', 3.91325, 8.60088, 'db607d0e-007f', 39),
('10:49:35.024', 4.00813, 8.71733, 'db607d0e-007f', 39),
('10:49:35.027', 2.7015, 12.1249, 'db607d0e-007f', 39),
('10:49:35.082', 4.21095, 10.1855, 'db607d0e-007f', 39),
('10:49:35.104', 5.16272, 9.11853, 'db607d0e-007f', 39),
('10:49:35.106', 6.04615, 8.34422, 'db607d0e-007f', 39),
('10:49:35.154', 5.9459, 6.76479, 'db607d0e-007f', 39),
('10:49:35.173', 5.17452, 4.92738, 'db607d0e-007f', 39),
('10:49:35.175', 5.37746, 4.08519, 'db607d0e-007f', 39),
('10:49:35.231', 3.82343, 3.72889, 'db607d0e-007f', 39),
('10:49:35.249', 4.99654, 3.49979, 'db607d0e-007f', 39),
('10:49:35.252', 3.10888, 3.42618, 'db607d0e-007f', 39),
('10:49:35.301', 5.71567, 5.66681, 'db607d0e-007f', 39),
('10:49:35.322', 6.14656, 5.65237, 'db607d0e-007f', 39),
('10:49:35.325', 7.77007, 5.95847, 'db607d0e-007f', 39),
('10:49:35.375', 9.97638, 7.27373, 'db607d0e-007f', 39),
('10:49:35.410', 10.1321, 6.06437, 'db607d0e-007f', 39),
('10:49:35.413', 10.7208, 7.38545, 'db607d0e-007f', 39),
('10:49:35.452', 10.2381, 6.91845, 'db607d0e-007f', 39),
('10:49:35.487', 12.1497, 3.42129, 'db607d0e-007f', 39),
('10:49:35.489', 10.9117, 5.24607, 'db607d0e-007f', 39),
('10:49:35.524', 10.7382, 4.72385, 'db607d0e-007f', 39),
('10:49:35.577', 8.63178, 3.89883, 'db607d0e-007f', 39),
('10:49:35.579', 7.85989, 1.49175, 'db607d0e-007f', 39),
('10:50:32.790', 24.4129, 69.1861, '4c04ec0a-9272', 41),
('10:50:32.839', 24.5928, 69.2183, '4c04ec0a-9272', 41),
('10:50:32.875', 25.2763, 69.3906, '4c04ec0a-9272', 41),
('10:50:32.913', 25.9647, 70.3993, '4c04ec0a-9272', 41),
('10:50:32.964', 28.2463, 70.2932, '4c04ec0a-9272', 41),
('10:50:33.012', 31.8938, 69.8135, '4c04ec0a-9272', 41),
('10:50:33.053', 36.3997, 69.8328, '4c04ec0a-9272', 41),
('10:50:33.097', 39.5846, 71.7784, '4c04ec0a-9272', 41),
('10:50:33.144', 42.7961, 71.298, '4c04ec0a-9272', 41),
('10:50:33.193', 44.8151, 71.4359, '4c04ec0a-9272', 41),
('10:50:33.234', 47.9348, 70.5557, '4c04ec0a-9272', 41),
('10:50:33.274', 51.0718, 69.1427, '4c04ec0a-9272', 41),
('10:50:33.317', 53.0514, 67.7713, '4c04ec0a-9272', 41),
('10:50:33.362', 57.7275, 63.7858, '4c04ec0a-9272', 41),
('10:50:33.403', 59.8951, 62.196, '4c04ec0a-9272', 41),
('10:50:33.442', 62.1719, 59.358, '4c04ec0a-9272', 41),
('10:50:33.482', 62.2926, 58.6868, '4c04ec0a-9272', 41),
('10:50:33.518', 62.0925, 58.2552, '4c04ec0a-9272', 41),
('10:50:33.554', 61.2532, 58.3124, '4c04ec0a-9272', 41),
('10:50:33.597', 60.3156, 58.4818, '4c04ec0a-9272', 41),
('10:50:33.651', 64.261, 56.0585, '4c04ec0a-9272', 41),
('10:50:33.690', 66.8163, 54.978, '4c04ec0a-9272', 41),
('10:50:33.734', 68.0479, 55.0947, '4c04ec0a-9272', 41),
('10:50:33.774', 70.4179, 54.7754, '4c04ec0a-9272', 41),
('10:50:33.817', 72.2504, 54.5978, '4c04ec0a-9272', 41),
('10:50:33.855', 70.2628, 57.7352, '4c04ec0a-9272', 41),
('10:50:33.894', 69.1314, 60.0656, '4c04ec0a-9272', 41),
('10:50:33.935', 63.01, 67.443, '4c04ec0a-9272', 41),
('10:50:33.969', 58.8052, 72.4201, '4c04ec0a-9272', 41),
('10:50:34.004', 58.645, 71.8866, '4c04ec0a-9272', 41),
('10:50:34.054', 52.5627, 72.6265, '4c04ec0a-9272', 41),
('10:50:34.100', 53.9331, 69.8158, '4c04ec0a-9272', 41),
('10:50:34.144', 58.7368, 65.7035, '4c04ec0a-9272', 41),
('10:50:34.190', 55.607, 63.9438, '4c04ec0a-9272', 41),
('10:50:34.234', 50.8601, 63.8507, '4c04ec0a-9272', 41),
('10:50:34.267', 47.8944, 62.1937, '4c04ec0a-9272', 41),
('10:50:34.308', 43.4811, 62.6425, '4c04ec0a-9272', 41),
('10:50:34.345', 40.4732, 61.8098, '4c04ec0a-9272', 41),
('10:50:34.379', 38.1726, 61.7534, '4c04ec0a-9272', 41),
('10:50:34.428', 35.5179, 58.4281, '4c04ec0a-9272', 41),
('10:50:34.464', 35.8339, 53.9132, '4c04ec0a-9272', 41),
('10:50:34.498', 34.9288, 52.0067, '4c04ec0a-9272', 41),
('10:50:34.533', 34.4521, 50.6813, '4c04ec0a-9272', 41),
('10:50:34.566', 34.1618, 52.7724, '4c04ec0a-9272', 41),
('10:50:34.609', 36.8908, 49.6404, '4c04ec0a-9272', 41),
('10:50:34.644', 37.9744, 48.2198, '4c04ec0a-9272', 41),
('10:50:34.680', 39.8858, 46.1833, '4c04ec0a-9272', 41),
('10:50:34.720', 41.5599, 44.2941, '4c04ec0a-9272', 41),
('10:50:34.754', 39.7489, 43.6713, '4c04ec0a-9272', 41),
('10:50:34.798', 39.549, 39.8038, '4c04ec0a-9272', 41),
('10:50:34.844', 37.3964, 34.545, '4c04ec0a-9272', 41),
('10:50:34.879', 35.0074, 29.5607, '4c04ec0a-9272', 41),
('10:50:34.921', 37.3919, 28.0703, '4c04ec0a-9272', 41),
('10:50:34.960', 38.7897, 27.3353, '4c04ec0a-9272', 41),
('10:50:34.996', 40.3067, 27.3501, '4c04ec0a-9272', 41),
('10:50:35.033', 37.2435, 28.9298, '4c04ec0a-9272', 41),
('10:50:35.070', 34.2655, 27.6082, '4c04ec0a-9272', 41),
('10:50:35.108', 30.5299, 26.1267, '4c04ec0a-9272', 41),
('10:50:35.161', 28.3916, 24.8092, '4c04ec0a-9272', 41),
('10:50:35.210', 22.0738, 22.0087, '4c04ec0a-9272', 41),
('10:50:35.261', 16.287, 21.5491, '4c04ec0a-9272', 41),
('10:50:35.297', 12.2465, 22.1273, '4c04ec0a-9272', 41),
('10:50:35.350', 10.8389, 17.6773, '4c04ec0a-9272', 41),
('10:50:35.392', 11.9806, 15.2094, '4c04ec0a-9272', 41),
('10:50:35.429', 9.55141, 11.5796, '4c04ec0a-9272', 41),
('10:50:35.468', 6.44327, 9.97512, '4c04ec0a-9272', 41),
('10:50:35.507', 6.71895, 9.27867, '4c04ec0a-9272', 41),
('10:50:35.545', 9.58864, 6.77684, '4c04ec0a-9272', 41),
('10:50:35.580', 10.8281, 4.68453, '4c04ec0a-9272', 41),
('10:50:35.616', 11.3624, 5.92806, '4c04ec0a-9272', 41),
('10:50:35.652', 10.7576, 5.97272, '4c04ec0a-9272', 41),
('10:50:35.687', 12.8049, 4.37302, '4c04ec0a-9272', 41),
('10:50:35.725', 10.4699, 3.23474, '4c04ec0a-9272', 41),
('10:50:35.761', 12.0248, 5.44897, '4c04ec0a-9272', 41),
('10:50:35.800', 14.4525, 5.10425, '4c04ec0a-9272', 41),
('10:50:35.854', 15.1668, 7.77678, '4c04ec0a-9272', 41),
('10:50:35.870', 16.9499, 7.00635, '4c04ec0a-9272', 41),
('10:50:35.905', 18.9841, 8.14681, '4c04ec0a-9272', 41),
('10:50:35.943', 18.2372, 7.37675, '4c04ec0a-9272', 41),
('10:50:35.994', 17.6574, 6.68325, '4c04ec0a-9272', 41),
('10:50:36.019', 17.5692, 6.95921, '4c04ec0a-9272', 41),
('10:50:36.059', 19.8135, 7.98973, '4c04ec0a-9272', 41),
('10:50:36.118', 23.1747, 8.80161, '4c04ec0a-9272', 41),
('10:50:36.137', 31.9056, 9.60602, '4c04ec0a-9272', 41),
('10:50:36.179', 41.4613, 11.6589, '4c04ec0a-9272', 41),
('10:50:36.218', 49.791, 13.7121, '4c04ec0a-9272', 41),
('10:50:36.259', 58.4005, 13.8335, '4c04ec0a-9272', 41),
('10:50:36.300', 62.5966, 14.3669, '4c04ec0a-9272', 41),
('10:50:36.338', 62.2777, 16.1528, '4c04ec0a-9272', 41),
('10:50:36.379', 75.2083, 13.7756, '4c04ec0a-9272', 41),
('10:50:36.415', 69.596, 22.282, '4c04ec0a-9272', 41),
('10:50:36.449', 79.7547, 16.0643, '4c04ec0a-9272', 41),
('10:50:36.495', 85.378, 14.486, '4c04ec0a-9272', 41),
('10:50:36.526', 91.1019, 11.5159, '4c04ec0a-9272', 41),
('10:50:36.564', 95.5846, 7.83169, '4c04ec0a-9272', 41),
('10:50:36.603', 98.5092, 6.48467, '4c04ec0a-9272', 41),
('10:50:36.649', 98.5824, 6.48713, '4c04ec0a-9272', 41),
('10:50:36.686', 95.8274, 4.8317, '4c04ec0a-9272', 41),
('10:50:36.728', 98.3165, 4.80172, '4c04ec0a-9272', 41),
('10:50:36.775', 96.8054, 5.37553, '4c04ec0a-9272', 41),
('10:50:36.808', 93.5097, 8.26991, '4c04ec0a-9272', 41),
('10:50:36.844', 89.294, 9.25076, '4c04ec0a-9272', 41),
('10:50:36.878', 87.1581, 9.35825, '4c04ec0a-9272', 41),
('10:50:36.914', 84.8632, 10.2905, '4c04ec0a-9272', 41),
('10:50:36.954', 85.9332, 8.63528, '4c04ec0a-9272', 41),
('10:50:36.990', 91.8501, 6.33134, '4c04ec0a-9272', 41),
('10:50:37.025', 91.473, 6.87559, '4c04ec0a-9272', 41),
('10:50:37.059', 96.1856, 4.07453, '4c04ec0a-9272', 41),
('10:50:37.094', 93.7809, 3.54466, '4c04ec0a-9272', 41),
('10:50:37.134', 98.5932, 1.40285, '4c04ec0a-9272', 41),
('10:50:37.351', 98.8812, 2.89053, '4c04ec0a-9272', 41),
('10:50:37.396', 99.3667, 2.35839, '4c04ec0a-9272', 41),
('10:50:37.427', 98.6592, 2.70648, '4c04ec0a-9272', 41),
('10:50:37.469', 96.5979, 4.68226, '4c04ec0a-9272', 41),
('10:50:37.522', 94.8255, 6.36934, '4c04ec0a-9272', 41),
('10:50:37.554', 94.472, 6.64722, '4c04ec0a-9272', 41),
('10:50:37.580', 94.5409, 7.28755, '4c04ec0a-9272', 41),
('10:50:37.621', 92.7851, 7.70421, '4c04ec0a-9272', 41),
('10:50:37.669', 93.4496, 7.80836, '4c04ec0a-9272', 41),
('10:50:37.713', 93.2269, 8.04387, '4c04ec0a-9272', 41),
('10:50:37.751', 94.2754, 6.05941, '4c04ec0a-9272', 41),
('10:50:37.785', 92.6471, 7.32155, '4c04ec0a-9272', 41),
('10:50:37.822', 89.8553, 9.28363, '4c04ec0a-9272', 41),
('10:50:37.875', 90.3661, 8.0359, '4c04ec0a-9272', 41),
('10:50:37.911', 90.7566, 6.92224, '4c04ec0a-9272', 41),
('10:50:37.951', 89.951, 4.28763, '4c04ec0a-9272', 41),
('10:50:37.991', 89.6101, 4.54274, '4c04ec0a-9272', 41),
('10:50:38.027', 88.9848, 4.28797, '4c04ec0a-9272', 41),
('10:50:38.062', 88.3279, 4.24259, '4c04ec0a-9272', 41),
('10:50:38.099', 90.8908, 2.71054, '4c04ec0a-9272', 41),
('10:50:38.133', 92.3641, 1.81243, '4c04ec0a-9272', 41),
('10:50:38.175', 94.9427, 0.841018, '4c04ec0a-9272', 41),
('10:50:38.212', 94.8549, 1.14228, '4c04ec0a-9272', 41),
('10:50:38.254', 94.9178, 0.710618, '4c04ec0a-9272', 41),
('10:50:38.304', 90.9406, 3.24647, '4c04ec0a-9272', 41),
('10:50:38.327', 93.0416, 1.80682, '4c04ec0a-9272', 41),
('10:50:38.366', 93.173, 1.90966, '4c04ec0a-9272', 41),
('10:50:38.401', 92.8376, 1.88221, '4c04ec0a-9272', 41),
('10:50:38.437', 88.8738, 4.0565, '4c04ec0a-9272', 41),
('10:50:38.474', 89.6796, 3.99932, '4c04ec0a-9272', 41),
('10:50:38.509', 90.154, 4.40304, '4c04ec0a-9272', 41),
('10:50:38.544', 90.7227, 5.16341, '4c04ec0a-9272', 41),
('10:50:38.578', 91.4945, 5.25224, '4c04ec0a-9272', 41),
('10:50:38.613', 92.5751, 5.25603, '4c04ec0a-9272', 41),
('10:50:38.653', 92.4061, 4.14094, '4c04ec0a-9272', 41),
('10:50:38.687', 92.4792, 3.88175, '4c04ec0a-9272', 41),
('10:50:38.721', 94.4234, 3.04542, '4c04ec0a-9272', 41),
('10:50:38.761', 92.8567, 5.83308, '4c04ec0a-9272', 41),
('10:50:38.802', 92.3539, 7.82108, '4c04ec0a-9272', 41),
('10:50:38.838', 91.7283, 20.1109, '4c04ec0a-9272', 41),
('10:50:38.873', 91.283, 35.6165, '4c04ec0a-9272', 41),
('10:50:38.908', 91.376, 43.5922, '4c04ec0a-9272', 41),
('10:50:38.941', 94.2528, 41.4367, '4c04ec0a-9272', 41),
('10:50:38.974', 95.0137, 40.2597, '4c04ec0a-9272', 41),
('10:50:39.009', 92.865, 41.5799, '4c04ec0a-9272', 41),
('10:50:39.043', 90.8805, 41.1992, '4c04ec0a-9272', 41),
('10:50:39.081', 83.8394, 49.7076, '4c04ec0a-9272', 41),
('10:50:39.122', 80.0064, 54.6226, '4c04ec0a-9272', 41),
('10:50:39.165', 77.5802, 56.2436, '4c04ec0a-9272', 41),
('10:50:39.205', 81.7695, 56.7232, '4c04ec0a-9272', 41),
('10:50:39.241', 85.532, 57.2516, '4c04ec0a-9272', 41),
('10:50:39.281', 86.3602, 58.0403, '4c04ec0a-9272', 41),
('10:50:39.334', 87.2474, 59.8706, '4c04ec0a-9272', 41),
('10:50:39.367', 84.4626, 61.7039, '4c04ec0a-9272', 41),
('10:50:39.404', 83.2811, 64.659, '4c04ec0a-9272', 41),
('10:50:39.441', 80.8045, 69.3515, '4c04ec0a-9272', 41),
('10:50:39.475', 80.7967, 72.2063, '4c04ec0a-9272', 41),
('10:50:39.509', 80.1022, 76.6564, '4c04ec0a-9272', 41),
('10:50:39.542', 80.8073, 80.6472, '4c04ec0a-9272', 41),
('10:50:39.578', 80.5071, 83.6946, '4c04ec0a-9272', 41),
('10:50:39.613', 79.4168, 82.9838, '4c04ec0a-9272', 41),
('10:50:39.649', 77.2404, 87.1761, '4c04ec0a-9272', 41),
('10:50:39.683', 75.4494, 90.485, '4c04ec0a-9272', 41),
('10:50:39.717', 74.8498, 90.0192, '4c04ec0a-9272', 41),
('10:50:39.752', 73.9203, 91.6808, '4c04ec0a-9272', 41),
('10:50:39.801', 73.4906, 93.2628, '4c04ec0a-9272', 41),
('10:50:39.843', 71.8276, 95.7967, '4c04ec0a-9272', 41),
('10:50:39.875', 71.6282, 96.0783, '4c04ec0a-9272', 41),
('10:50:39.913', 70.8909, 93.8227, '4c04ec0a-9272', 41),
('10:50:39.948', 70.27, 94.5328, '4c04ec0a-9272', 41),
('10:50:39.981', 73.8508, 91.6126, '4c04ec0a-9272', 41),
('10:50:40.017', 74.8622, 89.9338, '4c04ec0a-9272', 41),
('10:50:40.051', 74.6134, 88.547, '4c04ec0a-9272', 41),
('10:50:40.085', 73.9727, 84.8505, '4c04ec0a-9272', 41),
('10:50:40.130', 72.5922, 82.9219, '4c04ec0a-9272', 41),
('10:50:40.163', 72.1531, 85.1729, '4c04ec0a-9272', 41),
('10:50:40.200', 73.2094, 86.1458, '4c04ec0a-9272', 41),
('10:50:40.233', 72.7328, 88.0606, '4c04ec0a-9272', 41),
('10:50:40.267', 72.3395, 89.704, '4c04ec0a-9272', 41),
('10:50:40.297', 71.9859, 91.0819, '4c04ec0a-9272', 41),
('10:50:40.333', 72.2936, 92.4073, '4c04ec0a-9272', 41),
('10:50:40.365', 70.9831, 93.5327, '4c04ec0a-9272', 41),
('10:50:40.399', 70.1468, 93.5833, '4c04ec0a-9272', 41),
('10:50:40.430', 68.2114, 93.0889, '4c04ec0a-9272', 41),
('10:50:40.467', 66.1489, 94.8964, '4c04ec0a-9272', 41),
('10:50:40.503', 63.755, 95.4307, '4c04ec0a-9272', 41),
('10:50:40.534', 64.2597, 95.8306, '4c04ec0a-9272', 41),
('10:50:40.572', 62.4019, 95.6628, '4c04ec0a-9272', 41),
('10:50:40.609', 60.6172, 95.9675, '4c04ec0a-9272', 41),
('10:50:40.644', 59.3486, 94.5671, '4c04ec0a-9272', 41),
('10:50:40.679', 53.9162, 93.3845, '4c04ec0a-9272', 41),
('10:50:40.713', 50.6355, 91.8441, '4c04ec0a-9272', 41),
('10:50:40.746', 47.8096, 92.0829, '4c04ec0a-9272', 41),
('10:50:40.778', 46.7428, 91.2447, '4c04ec0a-9272', 41),
('10:50:40.813', 44.0913, 92.276, '4c04ec0a-9272', 41),
('10:50:40.846', 42.4699, 92.6293, '4c04ec0a-9272', 41),
('10:50:40.885', 41.2489, 94.1473, '4c04ec0a-9272', 41),
('10:50:40.916', 42.0573, 96.2715, '4c04ec0a-9272', 41),
('10:50:40.950', 38.5894, 96.7851, '4c04ec0a-9272', 41),
('10:50:40.989', 37.3289, 96.5116, '4c04ec0a-9272', 41),
('10:50:41.024', 38.0909, 95.7866, '4c04ec0a-9272', 41),
('10:50:41.056', 41.0621, 95.2259, '4c04ec0a-9272', 41),
('10:50:41.094', 38.6218, 98.0331, '4c04ec0a-9272', 41),
('10:50:41.128', 37.6087, 99.1798, '4c04ec0a-9272', 41),
('10:50:41.164', 40.0217, 97.3239, '4c04ec0a-9272', 41),
('10:50:41.199', 42.6289, 96.352, '4c04ec0a-9272', 41),
('10:50:41.231', 45.8307, 95.4005, '4c04ec0a-9272', 41),
('10:50:41.264', 46.28, 94.6651, '4c04ec0a-9272', 41),
('10:50:41.301', 46.8432, 95.5171, '4c04ec0a-9272', 41),
('10:50:41.347', 48.3522, 96.1247, '4c04ec0a-9272', 41),
('10:50:41.371', 45.6493, 96.8435, '4c04ec0a-9272', 41),
('10:50:41.409', 46.4844, 97.111, '4c04ec0a-9272', 41),
('10:50:41.449', 47.9389, 93.6358, '4c04ec0a-9272', 41),
('10:50:41.487', 48.2991, 93.158, '4c04ec0a-9272', 41),
('10:50:41.526', 50.3906, 92.2988, '4c04ec0a-9272', 41),
('10:50:41.569', 51.7971, 91.5527, '4c04ec0a-9272', 41),
('10:50:41.616', 48.8254, 92.5155, '4c04ec0a-9272', 41),
('10:50:41.631', 45.9619, 93.3905, '4c04ec0a-9272', 41),
('10:50:41.680', 44.6512, 94.9782, '4c04ec0a-9272', 41),
('10:50:41.727', 43.1159, 95.6069, '4c04ec0a-9272', 41),
('10:50:41.747', 42.2933, 96.2039, '4c04ec0a-9272', 41),
('10:50:41.824', 42.5072, 95.5773, '4c04ec0a-9272', 41),
('10:50:41.828', 43.1573, 95.2909, '4c04ec0a-9272', 41),
('10:50:41.862', 40.8083, 95.5269, '4c04ec0a-9272', 41),
('10:50:41.898', 38.2857, 95.8378, '4c04ec0a-9272', 41),
('10:50:41.936', 37.0097, 97.4577, '4c04ec0a-9272', 41),
('10:50:41.974', 35.129, 97.453, '4c04ec0a-9272', 41),
('10:50:42.006', 32.3784, 98.4392, '4c04ec0a-9272', 41),
('10:50:42.040', 31.3491, 97.639, '4c04ec0a-9272', 41),
('10:50:42.075', 29.9894, 97.3888, '4c04ec0a-9272', 41),
('10:50:42.183', 28.0186, 96.9123, '4c04ec0a-9272', 41),
('10:50:42.186', 28.9796, 97.1511, '4c04ec0a-9272', 41),
('10:50:42.189', 27.3434, 96.6989, '4c04ec0a-9272', 41),
('10:50:42.222', 27.0308, 96.4929, '4c04ec0a-9272', 41),
('10:50:42.255', 26.8924, 96.3173, '4c04ec0a-9272', 41),
('10:50:42.293', 27.2997, 96.2505, '4c04ec0a-9272', 41),
('10:50:42.324', 27.3328, 96.12, '4c04ec0a-9272', 41),
('10:50:42.364', 30.5439, 92.9048, '4c04ec0a-9272', 41),
('10:50:42.410', 26.8261, 94.1805, '4c04ec0a-9272', 41),
('10:50:42.448', 26.5354, 95.167, '4c04ec0a-9272', 41),
('10:50:42.485', 24.1559, 94.4308, '4c04ec0a-9272', 41),
('10:50:42.526', 22.6284, 94.9031, '4c04ec0a-9272', 41),
('10:50:42.566', 24.2892, 97.028, '4c04ec0a-9272', 41),
('10:50:42.603', 27.3253, 97.0602, '4c04ec0a-9272', 41),
('10:50:42.636', 33.4702, 95.0779, '4c04ec0a-9272', 41),
('10:50:42.676', 38.4303, 93.7247, '4c04ec0a-9272', 41),
('10:50:42.714', 44.662, 91.1209, '4c04ec0a-9272', 41),
('10:50:42.746', 45.4197, 90.209, '4c04ec0a-9272', 41),
('10:50:42.779', 46.4224, 89.5063, '4c04ec0a-9272', 41),
('10:50:42.814', 54.4578, 83.7956, '4c04ec0a-9272', 41),
('10:50:42.865', 59.4194, 80.2863, '4c04ec0a-9272', 41),
('10:50:42.907', 62.6868, 78.6539, '4c04ec0a-9272', 41),
('10:50:42.939', 68.0705, 72.59, '4c04ec0a-9272', 41),
('10:50:42.975', 79.2303, 60.3993, '4c04ec0a-9272', 41),
('10:50:43.008', 79.7063, 52.7609, '4c04ec0a-9272', 41),
('10:50:43.045', 85.1545, 44.978, '4c04ec0a-9272', 41),
('10:50:43.079', 89.3363, 38.8594, '4c04ec0a-9272', 41),
('10:50:43.114', 91.9184, 32.8253, '4c04ec0a-9272', 41),
('10:50:43.147', 96.3228, 25.1394, '4c04ec0a-9272', 41),
('10:50:43.417', 93.9955, 18.2902, '4c04ec0a-9272', 41),
('10:50:43.471', 91.7508, 20.8438, '4c04ec0a-9272', 41),
('10:50:43.489', 84.9005, 26.1286, '4c04ec0a-9272', 41),
('10:50:43.528', 76.581, 32.2041, '4c04ec0a-9272', 41),
('10:50:43.566', 69.6556, 37.1937, '4c04ec0a-9272', 41),
('10:50:43.609', 53.4676, 44.2004, '4c04ec0a-9272', 41),
('10:50:43.649', 42.8185, 44.6367, '4c04ec0a-9272', 41),
('10:50:43.691', 32.0976, 29.243, '4c04ec0a-9272', 41),
('10:50:43.726', 21.5726, 28.089, '4c04ec0a-9272', 41),
('10:50:43.761', 16.8222, 30.6606, '4c04ec0a-9272', 41),
('10:50:43.794', 12.0567, 32.1983, '4c04ec0a-9272', 41),
('10:50:43.830', 13.3243, 34.7828, '4c04ec0a-9272', 41),
('10:50:43.861', 13.036, 34.6386, '4c04ec0a-9272', 41),
('10:50:43.899', 13.152, 31.0504, '4c04ec0a-9272', 41),
('10:50:43.936', 10.2823, 32.2713, '4c04ec0a-9272', 41),
('10:50:43.972', 10.384, 32.0656, '4c04ec0a-9272', 41),
('10:50:44.012', 5.62185, 32.8612, '4c04ec0a-9272', 41),
('10:50:44.052', 3.65883, 30.7813, '4c04ec0a-9272', 41),
('10:50:44.121', 0.41933, 26.1048, '4c04ec0a-9272', 41),
('10:50:44.211', 4.32998, 20.4191, '4c04ec0a-9272', 41),
('10:50:44.241', 9.78104, 13.2384, '4c04ec0a-9272', 41),
('10:50:44.270', 10.5146, 7.77691, '4c04ec0a-9272', 41),
('10:50:44.303', 11.1344, 3.31364, '4c04ec0a-9272', 41),
('10:50:44.365', 14.302, 3.76562, '4c04ec0a-9272', 41),
('10:50:44.394', 17.7912, 1.44512, '4c04ec0a-9272', 41),
('10:50:44.425', 19.6275, 7.44518, '4c04ec0a-9272', 41),
('10:50:44.456', 19.6109, 7.01854, '4c04ec0a-9272', 41),
('10:50:44.488', 20.4386, 2.12637, '4c04ec0a-9272', 41),
('10:50:44.519', 23.9628, 3.14243, '4c04ec0a-9272', 41);

-- --------------------------------------------------------

--
-- Struttura della tabella `test`
--

CREATE TABLE `test` (
  `Nome` varchar(50) NOT NULL,
  `ID` int(11) NOT NULL,
  `UtenteCreatore_ID` int(11) NOT NULL,
  `attivo` tinyint(1) DEFAULT NULL
) ENGINE=InnoDB DEFAULT CHARSET=utf8mb4 COLLATE=utf8mb4_general_ci;

--
-- Dump dei dati per la tabella `test`
--

INSERT INTO `test` (`Nome`, `ID`, `UtenteCreatore_ID`, `attivo`) VALUES
('Test numero 1', 50, 8, 1),
('Test numero 2', 51, 8, 1);

-- --------------------------------------------------------

--
-- Struttura della tabella `utente`
--

CREATE TABLE `utente` (
  `ID` int(11) NOT NULL,
  `Email` varchar(50) NOT NULL,
  `Pass` varchar(128) NOT NULL,
  `typeUser` char(1) NOT NULL,
  `salt` varchar(128) NOT NULL
) ENGINE=InnoDB DEFAULT CHARSET=utf8mb4 COLLATE=utf8mb4_general_ci;

--
-- Dump dei dati per la tabella `utente`
--

INSERT INTO `utente` (`ID`, `Email`, `Pass`, `typeUser`, `salt`) VALUES
(8, 'simonelugaresi46@gmail.com', '2cf6e793d32c3a5571ba5fa5910870ecbb9c86c3c79dc9d68cb99350ed8e146c9349972a3f3f2c931bd48bccd148eabe325021ec2f10ac4f80c7a1aee78b7139', 'A', '2ca1f6b51219956ba3d3e771c506dbc608c6cce9128aba4259c9d7688c3bf3e73cad4675f21450587565195aa237e30675104471df9d86c0434b4dcf001b968c'),
(9, 'visualizzation@test.com', 'fd5cf2e8200463db387ba76c348f940d3921822f78d5814d29628efd177c8e904f9d9c93ae0bd60c3f246592c2ee80e81da195a1510bcbd904bad8dc3c7d9c48', 'A', 'a15c1d17138fd98f0e15df8990cca5072d7b72cb1b99959c38ba88f0d2e7bacf8552ff8a7b951dbbf22ea4c13dbd5494b065ea063627f8708f2c2237fb51a1b4');

-- --------------------------------------------------------

--
-- Struttura della tabella `visualizzation`
--

CREATE TABLE `visualizzation` (
  `link` varchar(200) DEFAULT NULL,
  `Photo` varchar(200) DEFAULT NULL,
  `ID` int(11) NOT NULL,
  `ID_Test_Padre` int(11) NOT NULL
) ENGINE=InnoDB DEFAULT CHARSET=utf8mb4 COLLATE=utf8mb4_general_ci;

--
-- Dump dei dati per la tabella `visualizzation`
--

INSERT INTO `visualizzation` (`link`, `Photo`, `ID`, `ID_Test_Padre`) VALUES
('http://localhost/dashboard/', NULL, 39, 50),
(NULL, '8_50_40.jpeg', 40, 50),
(NULL, '8_51_41.jpeg', 41, 51);

--
-- Indici per le tabelle scaricate
--

--
-- Indici per le tabelle `registrazione`
--
ALTER TABLE `registrazione`
  ADD PRIMARY KEY (`Momento`,`IndexUtenteAnonimo`),
  ADD KEY `FKCosa` (`ID_Visualizzation`);

--
-- Indici per le tabelle `test`
--
ALTER TABLE `test`
  ADD PRIMARY KEY (`ID`),
  ADD KEY `FKCrea` (`UtenteCreatore_ID`);

--
-- Indici per le tabelle `utente`
--
ALTER TABLE `utente`
  ADD PRIMARY KEY (`ID`);

--
-- Indici per le tabelle `visualizzation`
--
ALTER TABLE `visualizzation`
  ADD PRIMARY KEY (`ID`),
  ADD KEY `FKCompostoDa` (`ID_Test_Padre`);

--
-- AUTO_INCREMENT per le tabelle scaricate
--

--
-- AUTO_INCREMENT per la tabella `test`
--
ALTER TABLE `test`
  MODIFY `ID` int(11) NOT NULL AUTO_INCREMENT, AUTO_INCREMENT=52;

--
-- AUTO_INCREMENT per la tabella `utente`
--
ALTER TABLE `utente`
  MODIFY `ID` int(11) NOT NULL AUTO_INCREMENT, AUTO_INCREMENT=11;

--
-- AUTO_INCREMENT per la tabella `visualizzation`
--
ALTER TABLE `visualizzation`
  MODIFY `ID` int(11) NOT NULL AUTO_INCREMENT, AUTO_INCREMENT=42;

--
-- Limiti per le tabelle scaricate
--

--
-- Limiti per la tabella `registrazione`
--
ALTER TABLE `registrazione`
  ADD CONSTRAINT `FKCosa` FOREIGN KEY (`ID_Visualizzation`) REFERENCES `visualizzation` (`ID`);

--
-- Limiti per la tabella `test`
--
ALTER TABLE `test`
  ADD CONSTRAINT `FKCrea` FOREIGN KEY (`UtenteCreatore_ID`) REFERENCES `utente` (`ID`);

--
-- Limiti per la tabella `visualizzation`
--
ALTER TABLE `visualizzation`
  ADD CONSTRAINT `FKCompostoDa` FOREIGN KEY (`ID_Test_Padre`) REFERENCES `test` (`ID`);
COMMIT;

/*!40101 SET CHARACTER_SET_CLIENT=@OLD_CHARACTER_SET_CLIENT */;
/*!40101 SET CHARACTER_SET_RESULTS=@OLD_CHARACTER_SET_RESULTS */;
/*!40101 SET COLLATION_CONNECTION=@OLD_COLLATION_CONNECTION */;
